[
  {
    "signatures": [
      {
        "signature": "sha256:d8392d28070814f5df093844fc04533a216a18878beab98c3d7c1427993209e0",
        "filename": "RaspberryJamMod.jar"
      },
      {
        "signature": "sha256:30d066e27379a51c8d9c67b1ab0b7e55d930c9721161b07ef1666ab9fc24c629",
        "filename": "maven-artifact-3.5.3.jar"
      },
      {
        "signature": "sha256:145b1c38d46a488e24dde8f8d0df4ae2b4a643a515e069340cc05b7684a8e4f6",
        "filename": "forge-1.12.2-14.23.5.2779.jar"
      },
      {
        "signature": "sha256:c7c7f255b76ff208cac4febf58ddafadcd63bac970dbe0c26dd62c940e80f5b7",
        "filename": "patchy-1.1.jar"
      },
      {
        "signature": "special:minecraft",
        "filename": "1.12.2.jar"
      },
      {
        "signature": "sha256:b404308ac9518fb7ce762278ea2c3ae81ea42c7220e8c2373317da6c31dbb0e0",
        "filename": "OpenEye.jar"
      },
      {
        "signature": "sha256:841d2f407824a4a9c3dd872c51ecd76d50381c569b79c3ea7b06b69eec2bba53",
        "filename": "text2speech-1.10.3.jar"
      },
      {
        "signature": "sha256:655b664b1a745dff6782ba5eeddaea487b6d6a9a320349a8375bf9a6755bd328",
        "filename": "replaymod-1.12.2-2.5.2.jar"
      }
    ],
    "addedSignatures": [],
    "removedSignatures": [],
    "installedSignatures": [
      "sha256:d8392d28070814f5df093844fc04533a216a18878beab98c3d7c1427993209e0"
    ],
    "uninstalledSignatures": [],
    "workTime": 110805.3,
    "language": "zh_cn",
    "locale": "",
    "timezone": "Asia/Shanghai",
    "branding": [
      "Minecraft 1.12.2",
      "MCP 9.42",
      "Powered by Forge 14.23.5.2779",
      "7 mods loaded, 7 mods active"
    ],
    "runtime": {
      "mcp": "MCP 9.42",
      "fml": "8.0.99.99",
      "forge": "14.23.5.2779"
    },
    "minecraft": "Minecraft 1.12.2",
    "javaVersion": "Oracle Corporation 1.8.0_101",
    "side": "client",
    "obfuscated": true,
    "type": "analytics"
  }
]