[
  {
    "signatures": [
      {
        "signature": "sha256:8772f727448b8c68785331ae051cb5d80ac6ade14b36646eed101f621356b1b1",
        "filename": "[信息采集]OpenEye-0.6-1.7.10.jar"
      },
      {
        "signature": "sha256:5f9e53894206f96568decbf765c5f966471a18867721690729b3fb0796791d15",
        "filename": "[物品管理器]NotEnoughItems-1.7.10-1.0.5.111-universal.jar"
      },
      {
        "signature": "sha256:3b1d5978626e3e7d63d6abad5db17231bfdfaadb722de977428861c6f874adcf",
        "filename": "[皮肤模组]UniSkinMod-1.7.10-1.2-dev4.jar"
      },
      {
        "signature": "sha256:8b141026e0be476978015a789680f2e550c1bef4518065ff5dbf5ad640ea2164",
        "filename": "[鼠标手势]MouseTweaks.jar"
      },
      {
        "signature": "sha256:dea5913e44c0d6165ad745ba2f803cd38b2258c919e0902230d15e949df9c2b6",
        "filename": "[NEI核心]CodeChickenCore-1.7.10-1.0.7.46-universal.jar"
      },
      {
        "signature": "sha256:c0328cd07ca9e363a5acd00c1cf4afe8cf554bd6d373834981ba05cebec687fb",
        "filename": "gson-2.2.4.jar"
      },
      {
        "signature": "sha256:2daeed9be6580e2dc6c691b26e1a04a169ed9935a097b27341faafc247d9e740",
        "filename": "scala-xml_2.11-1.0.2.jar"
      },
      {
        "signature": "sha256:6a297ccf1c4365cc7bfee82013426c97d432cb34c80ea64eda3f8b4365e988aa",
        "filename": "scala-parser-combinators_2.11-1.0.1.jar"
      },
      {
        "signature": "sha256:56d83821f7733f17b966024b8ce1e2dff652e5f40f170cbb83e8989ea0827d37",
        "filename": "[NEI]WailaHarvestability-mc1.7.x-1.1.2.jar"
      },
      {
        "signature": "sha256:03aa8f9a012c2a34748648b8556c4391ca985bce744c4a589001c222f978ba04",
        "filename": "[物品整理]InventoryTweaks-1.59-dev-152.jar"
      },
      {
        "signature": "sha256:e4a3dd27370920b2be108ba7a18efe720a521d4956abb34a8ebf74958ff25f55",
        "filename": "[Mod依赖]LunatriusCore-1.7.10-1.1.2.21-universal.jar"
      },
      {
        "signature": "sha256:49d9ea3d640fca33c4745b3ce0c92c8ef7d22e59594d0d33513f60dffd86417a",
        "filename": "[属性工具]BuffedTools-1.1.1710.7.jar"
      },
      {
        "signature": "sha256:4a0d192a34e7ef3e7af039f64dc6426bd0a5a343aae4dd1107b2043a616a77f7",
        "filename": "CodeChickenLib-1.7.10-1.1.3.138-universal.jar"
      },
      {
        "signature": "sha256:79b5a4f5829e1a49a415711f7fb8eb5b9ad22defa72929fda2da96ec30d3f018",
        "filename": "jinput-2.0.5.jar"
      },
      {
        "signature": "sha256:32d7e73005a2dc0ccc3c62470c435b351f6501de8e8718e26960534754570a77",
        "filename": "lwjgl_util-2.9.1.jar"
      },
      {
        "signature": "sha256:64335a48be6b142a7d0c13ec5c82a707857aa58c0234e6eda3eaca0e96eea51b",
        "filename": "jopt-simple-4.5.jar"
      },
      {
        "signature": "sha256:6d11dfe0f637b11ddf9ade03548290a0b16c3a2d12ca9747d5cbed573f3d63df",
        "filename": "[1.7.10]bspkrsCore-universal-6.15.jar"
      },
      {
        "signature": "sha256:ce72e06120f05bae849a4a1c25afee5232e144e85ac60c60c0b727687e9313e9",
        "filename": "scala-reflect-2.11.1.jar"
      },
      {
        "signature": "sha256:96eaa32232b5a5b0f9afc121a0e1b2416e3dca50657b31e5431c0a04ae650552",
        "filename": "netty-all-4.0.10.Final.jar"
      },
      {
        "signature": "sha256:6c4b4e50e608763564afa1bde2d25ece9dd715e7c9129540faa1faded4896506",
        "filename": "codecjorbis-20101023.jar"
      },
      {
        "signature": "sha256:107d11509f6af59b8c2ba23df828bc5d3c4e067b58f3d858c7deb90ca5308f84",
        "filename": "librarylwjglopenal-20100824.jar"
      },
      {
        "signature": "sha256:5fca136503f86ecc6cb61fbd17b137d59e56b45c7a5494e6b8fd3cabd4697fbd",
        "filename": "commons-compress-1.8.1.jar"
      },
      {
        "signature": "sha256:d5482cf97d81066a925dbb50423f9ad8f3df9abf3fe24bff7ec50aa20b08e45a",
        "filename": "[高清截图]Mineshot.jar"
      },
      {
        "signature": "sha256:0c3085cb93c3ef95d731c274b6f2dd195aa0405fe9328d69cab7f5e899d5e124",
        "filename": "lzma-0.0.1.jar"
      },
      {
        "signature": "sha256:a4fc2284657544e0f4bcc964f927c2fda3e3a205178ed1d5d58883aaf9780cce",
        "filename": "1.7.10.jar"
      },
      {
        "signature": "sha256:5d2964114be049b430b6423caa03fc44a34546ec49814b44db9e434c8a63a529",
        "filename": "authlib-1.5.13.jar"
      },
      {
        "signature": "sha256:d10f059deb32c7cb46a04f7fb62f232f5253ab0b16f1f02fe30d226cf85dc56c",
        "filename": "[Mod依赖]UpdateCheckerMod-1.7.10.jar"
      },
      {
        "signature": "sha256:dcde6033b205433d6e9855c93740f798951fa3a3f252035a768d9f356fde806d",
        "filename": "log4j-core-2.0-beta9.jar"
      },
      {
        "signature": "sha256:3c8616203d61a12a7e3487e8b34f3c198c2b5ba9e90da0c7ea32d99cd4958012",
        "filename": "trove4j-3.0.3.jar"
      },
      {
        "signature": "sha256:c118f8d84313980f79e1e7f7ae4b14b10c2f20c77ea4a1c29f6f0b02bc139077",
        "filename": "lwjgl-2.9.1.jar"
      },
      {
        "signature": "sha256:10a31fb59ac145e361a6aa4c57a551f209a7d0a1b9a819b1c7ce99f72fe7085b",
        "filename": "[Mod依赖项]ProfilerEvents.jar"
      },
      {
        "signature": "sha256:70903f6fc82e9908c8da9f20443f61d90f0870a312642991fe8462a0b9391784",
        "filename": "commons-logging-1.1.3.jar"
      },
      {
        "signature": "sha256:00d1ca02192c7efb87da95552ebf247021f1e1d642f86d0a03076314def11529",
        "filename": "forge-1.7.10-10.13.4.1614-1.7.10.jar"
      },
      {
        "signature": "sha256:c3334ff39cf0ab3b54925619101054c90098b7c733b1e7834c7b75e4c41e84a5",
        "filename": "jutils-1.0.0.jar"
      },
      {
        "signature": "sha256:5d4a068c78bd81f7bc703b9460a58c4724bbb5b2e308aefe4172ed97437a9088",
        "filename": "scala-continuations-library_2.11-1.0.2.jar"
      },
      {
        "signature": "sha256:660693836ac416922b59fefcc16be732a5409444f179320bc4ec430c66c83d9e",
        "filename": "scala-actors-migration_2.11-1.1.0.jar"
      },
      {
        "signature": "sha256:dbaa088690a23a954eff669a99d2452a24dd9f10d866725ff5d29ff4740a897e",
        "filename": "vecmath-1.3.1.jar"
      },
      {
        "signature": "sha256:169f435b084becb21073dbe414c5bf4a254f00b5e1a4e74f0ca2da6311501e6e",
        "filename": "[NEI扩展]neiaddons-1.12.10.33-mc1.7.10.jar"
      },
      {
        "signature": "sha256:09d44e6adddaab9fd89ea3164c439f71c755769fa8d3a940352ab3d2003b98ff",
        "filename": "asm-all-5.0.3.jar"
      },
      {
        "signature": "sha256:c5e8e69a533fc3feb072289885bffb394c52320dd56bb4186a3e71f9eafd4ed1",
        "filename": "realms-1.2.4.jar"
      },
      {
        "signature": "sha256:9d22a1b958cdf8f09fb8eeb0654c085abb7deea4c1a2405177bd50bb9a3e4820",
        "filename": "[耐久显示]ArmorStatusHUD.jar"
      },
      {
        "signature": "sha256:943e94b9f14f1462088e93dc3f18a59ef7b9a2e8462ef58293aeb37838d507a0",
        "filename": "VeinMiner-1.7.10-0.36.0.496+28a7f13.jar"
      },
      {
        "signature": "sha256:57f402b626d16cc2705bf2a37add7adbb074f0ca3b3102fa6e23aa303dae682f",
        "filename": "launchwrapper-1.12.jar"
      },
      {
        "signature": "sha256:ab03926f7f33cf664b4d5a951482c824dcc70d52ad53a511437488460ebfdbf5",
        "filename": "scala-library-2.11.1.jar"
      },
      {
        "signature": "sha256:9844cc9b5440d65a88d28bcba9d771374d2dfdab898848cda164611091633013",
        "filename": "httpclient-4.3.3.jar"
      },
      {
        "signature": "sha256:b8ea5bbe04e6b428c5faf06f1f4e59e2fc06de2691be59bf5d8563a8664d3031",
        "filename": "scala-compiler-2.11.1.jar"
      },
      {
        "signature": "sha256:36148cd370fb39397cd8ebc3b84e275b73cf77fc3617e1ab0c2b05e68ffc0372",
        "filename": "[G键合成]CraftGuide-1.6.8.2-forge[hukk汉化].jar"
      },
      {
        "signature": "sha256:61edcc43eba5262aa5431016dd09e9def21cb1350c22e0862c1da385a097c8bc",
        "filename": "config-1.2.1.jar"
      },
      {
        "signature": "sha256:0dc002d9bf09924063d9c5473c52c930a6b6130a89fdf014717d8a0ba470af00",
        "filename": "scala-swing_2.11-1.0.1.jar"
      },
      {
        "signature": "sha256:eb0ca9bdd938f80711152a758d6bc331a8b0d769199d457294dc67ed03f73498",
        "filename": "log4j-api-2.0-beta9.jar"
      },
      {
        "signature": "sha256:44423d7c43bde9274e1dbc1b00d6bd14ec7cb2572326eeefa9c6dd6fab47930b",
        "filename": "[NEI扩展]Waila-1.5.10_1.7.10.jar"
      },
      {
        "signature": "sha256:147592c5eb8e11fc8394125954f877acf25918bae13aa210c2825aefc3030ed8",
        "filename": "icu4j-core-mojang-51.2.jar"
      },
      {
        "signature": "sha256:909e96c13e148836ab83bf512a9804a1b4a8a086da4f6cc5b980b65345c72acc",
        "filename": "[中文输入]InputFix-1.7.10-v5.jar"
      },
      {
        "signature": "sha256:bb7d17b340afe6abdfbfdaa03683bce4aef39a64887dbab0636eaff3cf2d59ba",
        "filename": "codecwav-20101023.jar"
      },
      {
        "signature": "sha256:ad19d2601c3abf0b946b5c3a4113e226a8c1e3305e395b90013b78dd94a723ce",
        "filename": "commons-codec-1.9.jar"
      },
      {
        "signature": "sha256:781d2f38a2c85232823103c4f8ea1123c9b1f543e0f55289e95e4860b9693cef",
        "filename": "[NEI扩展]NEIIntegration-MC1.7.10-1.0.11.jar"
      },
      {
        "signature": "sha256:9a669d69070364dabd4382bb9da2a0457b8c8820aa211d142d538be1bd07db26",
        "filename": "akka-actor_2.11-2.3.3.jar"
      },
      {
        "signature": "sha256:59113a00656bddfad3db8d5b78707474172d6af62f0df6f9bf23a516df09b5c4",
        "filename": "scala-continuations-plugin_2.11.1-1.0.2.jar"
      },
      {
        "signature": "sha256:f921abc9c792f594f7fc6fc06b4a7ea330b646ea5ed3785e3589f90b16b2aad1",
        "filename": "twitch-5.16.jar"
      },
      {
        "signature": "sha256:8c36a80ea613d0b6b8040a17cf837c5bbe3677bc1b06a058a6c174fdb787ebbc",
        "filename": "guava-17.0.jar"
      },
      {
        "signature": "sha256:f4e669bbfe7c055537397a02033f34b8ee00703e1ed39e83a371086d1338e728",
        "filename": "[游戏优化2]Ex-BetterFps-1.0.0.jar"
      },
      {
        "signature": "sha256:333bbefeff5eb1722dc9b8d2e26c38bc69c1efa07d0ca870480f29d8858aa336",
        "filename": "libraryjavasound-20101123.jar"
      },
      {
        "signature": "sha256:1bc4864641657d0df43f0f07286433533f7d654074190bf879d2d6eb01bf3c4d",
        "filename": "[属性工具API]DummyCorev1.11.jar"
      },
      {
        "signature": "sha256:cc6a41dc3eaacc9e440a6bd0d2890b20d36b4ee408fe2d67122f328bb6e01581",
        "filename": "commons-io-2.4.jar"
      },
      {
        "signature": "sha256:cdf1427b94320301d9b26911c483cf9fe1f612614ad809137cb123ff681bea89",
        "filename": "[血量显示]DamageIndicatorsMod-3.2.3.jar"
      },
      {
        "signature": "sha256:2882d64550240dd0c026724da664d9f97ef205c91d6a85273d10790d88608f34",
        "filename": "soundsystem-20120107.jar"
      },
      {
        "signature": "sha256:abd02320e2356f89d054dae4cf02306bef20a9cf7865b3ac94ec7552b4f1528b",
        "filename": "httpcore-4.3.2.jar"
      },
      {
        "signature": "sha256:6b81d10754dadf184d386011486e6509c2cc0c3d33565ced4fb4402b9413d47d",
        "filename": "commons-lang3-3.3.2.jar"
      },
      {
        "signature": "sha256:534313028fe05f39cffee217f385e222cf17ed258a95292d25982248f20d0193",
        "filename": "[游戏优化]fastcraft-1.21.jar"
      }
    ],
    "addedSignatures": [
      "sha256:79b5a4f5829e1a49a415711f7fb8eb5b9ad22defa72929fda2da96ec30d3f018",
      "sha256:49d9ea3d640fca33c4745b3ce0c92c8ef7d22e59594d0d33513f60dffd86417a",
      "sha256:64335a48be6b142a7d0c13ec5c82a707857aa58c0234e6eda3eaca0e96eea51b",
      "sha256:943e94b9f14f1462088e93dc3f18a59ef7b9a2e8462ef58293aeb37838d507a0",
      "sha256:9d22a1b958cdf8f09fb8eeb0654c085abb7deea4c1a2405177bd50bb9a3e4820",
      "sha256:b8ea5bbe04e6b428c5faf06f1f4e59e2fc06de2691be59bf5d8563a8664d3031",
      "sha256:c3334ff39cf0ab3b54925619101054c90098b7c733b1e7834c7b75e4c41e84a5",
      "sha256:5f9e53894206f96568decbf765c5f966471a18867721690729b3fb0796791d15",
      "sha256:8b141026e0be476978015a789680f2e550c1bef4518065ff5dbf5ad640ea2164",
      "sha256:ad19d2601c3abf0b946b5c3a4113e226a8c1e3305e395b90013b78dd94a723ce",
      "sha256:56d83821f7733f17b966024b8ce1e2dff652e5f40f170cbb83e8989ea0827d37",
      "sha256:0c3085cb93c3ef95d731c274b6f2dd195aa0405fe9328d69cab7f5e899d5e124",
      "sha256:eb0ca9bdd938f80711152a758d6bc331a8b0d769199d457294dc67ed03f73498",
      "sha256:d5482cf97d81066a925dbb50423f9ad8f3df9abf3fe24bff7ec50aa20b08e45a",
      "sha256:a4fc2284657544e0f4bcc964f927c2fda3e3a205178ed1d5d58883aaf9780cce",
      "sha256:c0328cd07ca9e363a5acd00c1cf4afe8cf554bd6d373834981ba05cebec687fb",
      "sha256:dea5913e44c0d6165ad745ba2f803cd38b2258c919e0902230d15e949df9c2b6",
      "sha256:6a297ccf1c4365cc7bfee82013426c97d432cb34c80ea64eda3f8b4365e988aa",
      "sha256:d10f059deb32c7cb46a04f7fb62f232f5253ab0b16f1f02fe30d226cf85dc56c",
      "sha256:57f402b626d16cc2705bf2a37add7adbb074f0ca3b3102fa6e23aa303dae682f",
      "sha256:abd02320e2356f89d054dae4cf02306bef20a9cf7865b3ac94ec7552b4f1528b",
      "sha256:3c8616203d61a12a7e3487e8b34f3c198c2b5ba9e90da0c7ea32d99cd4958012",
      "sha256:169f435b084becb21073dbe414c5bf4a254f00b5e1a4e74f0ca2da6311501e6e",
      "sha256:f4e669bbfe7c055537397a02033f34b8ee00703e1ed39e83a371086d1338e728",
      "sha256:5fca136503f86ecc6cb61fbd17b137d59e56b45c7a5494e6b8fd3cabd4697fbd",
      "sha256:c118f8d84313980f79e1e7f7ae4b14b10c2f20c77ea4a1c29f6f0b02bc139077",
      "sha256:36148cd370fb39397cd8ebc3b84e275b73cf77fc3617e1ab0c2b05e68ffc0372",
      "sha256:cc6a41dc3eaacc9e440a6bd0d2890b20d36b4ee408fe2d67122f328bb6e01581",
      "sha256:781d2f38a2c85232823103c4f8ea1123c9b1f543e0f55289e95e4860b9693cef",
      "sha256:dbaa088690a23a954eff669a99d2452a24dd9f10d866725ff5d29ff4740a897e",
      "sha256:107d11509f6af59b8c2ba23df828bc5d3c4e067b58f3d858c7deb90ca5308f84",
      "sha256:70903f6fc82e9908c8da9f20443f61d90f0870a312642991fe8462a0b9391784",
      "sha256:dcde6033b205433d6e9855c93740f798951fa3a3f252035a768d9f356fde806d",
      "sha256:8772f727448b8c68785331ae051cb5d80ac6ade14b36646eed101f621356b1b1",
      "sha256:59113a00656bddfad3db8d5b78707474172d6af62f0df6f9bf23a516df09b5c4",
      "sha256:147592c5eb8e11fc8394125954f877acf25918bae13aa210c2825aefc3030ed8",
      "sha256:6b81d10754dadf184d386011486e6509c2cc0c3d33565ced4fb4402b9413d47d",
      "sha256:8c36a80ea613d0b6b8040a17cf837c5bbe3677bc1b06a058a6c174fdb787ebbc",
      "sha256:ab03926f7f33cf664b4d5a951482c824dcc70d52ad53a511437488460ebfdbf5",
      "sha256:333bbefeff5eb1722dc9b8d2e26c38bc69c1efa07d0ca870480f29d8858aa336",
      "sha256:44423d7c43bde9274e1dbc1b00d6bd14ec7cb2572326eeefa9c6dd6fab47930b",
      "sha256:61edcc43eba5262aa5431016dd09e9def21cb1350c22e0862c1da385a097c8bc",
      "sha256:96eaa32232b5a5b0f9afc121a0e1b2416e3dca50657b31e5431c0a04ae650552",
      "sha256:2882d64550240dd0c026724da664d9f97ef205c91d6a85273d10790d88608f34",
      "sha256:534313028fe05f39cffee217f385e222cf17ed258a95292d25982248f20d0193",
      "sha256:f921abc9c792f594f7fc6fc06b4a7ea330b646ea5ed3785e3589f90b16b2aad1",
      "sha256:0dc002d9bf09924063d9c5473c52c930a6b6130a89fdf014717d8a0ba470af00",
      "sha256:3b1d5978626e3e7d63d6abad5db17231bfdfaadb722de977428861c6f874adcf",
      "sha256:e4a3dd27370920b2be108ba7a18efe720a521d4956abb34a8ebf74958ff25f55",
      "sha256:9a669d69070364dabd4382bb9da2a0457b8c8820aa211d142d538be1bd07db26",
      "sha256:1bc4864641657d0df43f0f07286433533f7d654074190bf879d2d6eb01bf3c4d",
      "sha256:2daeed9be6580e2dc6c691b26e1a04a169ed9935a097b27341faafc247d9e740",
      "sha256:4a0d192a34e7ef3e7af039f64dc6426bd0a5a343aae4dd1107b2043a616a77f7",
      "sha256:cdf1427b94320301d9b26911c483cf9fe1f612614ad809137cb123ff681bea89",
      "sha256:10a31fb59ac145e361a6aa4c57a551f209a7d0a1b9a819b1c7ce99f72fe7085b",
      "sha256:c5e8e69a533fc3feb072289885bffb394c52320dd56bb4186a3e71f9eafd4ed1",
      "sha256:09d44e6adddaab9fd89ea3164c439f71c755769fa8d3a940352ab3d2003b98ff",
      "sha256:32d7e73005a2dc0ccc3c62470c435b351f6501de8e8718e26960534754570a77",
      "sha256:03aa8f9a012c2a34748648b8556c4391ca985bce744c4a589001c222f978ba04",
      "sha256:ce72e06120f05bae849a4a1c25afee5232e144e85ac60c60c0b727687e9313e9",
      "sha256:6d11dfe0f637b11ddf9ade03548290a0b16c3a2d12ca9747d5cbed573f3d63df",
      "sha256:bb7d17b340afe6abdfbfdaa03683bce4aef39a64887dbab0636eaff3cf2d59ba",
      "sha256:5d4a068c78bd81f7bc703b9460a58c4724bbb5b2e308aefe4172ed97437a9088",
      "sha256:6c4b4e50e608763564afa1bde2d25ece9dd715e7c9129540faa1faded4896506",
      "sha256:5d2964114be049b430b6423caa03fc44a34546ec49814b44db9e434c8a63a529",
      "sha256:660693836ac416922b59fefcc16be732a5409444f179320bc4ec430c66c83d9e",
      "sha256:9844cc9b5440d65a88d28bcba9d771374d2dfdab898848cda164611091633013",
      "sha256:00d1ca02192c7efb87da95552ebf247021f1e1d642f86d0a03076314def11529",
      "sha256:909e96c13e148836ab83bf512a9804a1b4a8a086da4f6cc5b980b65345c72acc"
    ],
    "removedSignatures": [],
    "workTime": 385629.25,
    "language": "zh_CN",
    "locale": "zh_CN",
    "timezone": "Asia/Shanghai",
    "branding": [
      "Minecraft 1.7.10",
      "MCP v9.05",
      "FML v7.10.99.99",
      "Minecraft Forge 10.13.4.1614",
      "Optifine OptiFine_1.7.10_HD_U_C1",
      "33 mods loaded, 33 mods active"
    ],
    "runtime": {
      "mcp": "MCP v9.05",
      "fml": "7.10.99.99",
      "forge": "10.13.4.1614"
    },
    "minecraft": "Minecraft 1.7.10",
    "javaVersion": "Oracle Corporation 1.8.0_192",
    "side": "client",
    "obfuscated": true,
    "type": "analytics"
  }
]