[
  {
    "signatures": [
      {
        "signature": "sha256:30d066e27379a51c8d9c67b1ab0b7e55d930c9721161b07ef1666ab9fc24c629",
        "filename": "maven-artifact-3.5.3.jar"
      },
      {
        "signature": "sha256:145b1c38d46a488e24dde8f8d0df4ae2b4a643a515e069340cc05b7684a8e4f6",
        "filename": "forge-1.12.2-14.23.5.2779.jar"
      },
      {
        "signature": "sha256:c7c7f255b76ff208cac4febf58ddafadcd63bac970dbe0c26dd62c940e80f5b7",
        "filename": "patchy-1.1.jar"
      },
      {
        "signature": "special:minecraft",
        "filename": "1.12.2.jar"
      },
      {
        "signature": "sha256:b404308ac9518fb7ce762278ea2c3ae81ea42c7220e8c2373317da6c31dbb0e0",
        "filename": "OpenEye.jar"
      },
      {
        "signature": "sha256:841d2f407824a4a9c3dd872c51ecd76d50381c569b79c3ea7b06b69eec2bba53",
        "filename": "text2speech-1.10.3.jar"
      },
      {
        "signature": "sha256:655b664b1a745dff6782ba5eeddaea487b6d6a9a320349a8375bf9a6755bd328",
        "filename": "replaymod-1.12.2-2.5.2.jar"
      }
    ],
    "addedSignatures": [],
    "removedSignatures": [],
    "installedSignatures": [],
    "uninstalledSignatures": [],
    "workTime": 114681.51,
    "language": "zh_cn",
    "locale": "",
    "timezone": "Asia/Shanghai",
    "branding": [
      "Minecraft 1.12.2",
      "MCP 9.42",
      "Powered by Forge 14.23.5.2779",
      "6 mods loaded, 6 mods active"
    ],
    "runtime": {
      "mcp": "MCP 9.42",
      "fml": "8.0.99.99",
      "forge": "14.23.5.2779"
    },
    "minecraft": "Minecraft 1.12.2",
    "javaVersion": "Oracle Corporation 1.8.0_101",
    "side": "client",
    "obfuscated": true,
    "type": "analytics"
  },
  {
    "states": [
      {
        "signature": "sha256:30d066e27379a51c8d9c67b1ab0b7e55d930c9721161b07ef1666ab9fc24c629",
        "mods": []
      },
      {
        "signature": "sha256:145b1c38d46a488e24dde8f8d0df4ae2b4a643a515e069340cc05b7684a8e4f6",
        "mods": [
          {
            "modId": "FML",
            "state": "Available"
          },
          {
            "modId": "forge",
            "state": "Available"
          }
        ]
      },
      {
        "signature": "sha256:c7c7f255b76ff208cac4febf58ddafadcd63bac970dbe0c26dd62c940e80f5b7",
        "mods": []
      },
      {
        "signature": "special:minecraft",
        "mods": []
      },
      {
        "signature": "sha256:b404308ac9518fb7ce762278ea2c3ae81ea42c7220e8c2373317da6c31dbb0e0",
        "mods": [
          {
            "modId": "OpenEye",
            "state": "Available"
          }
        ]
      },
      {
        "signature": "sha256:841d2f407824a4a9c3dd872c51ecd76d50381c569b79c3ea7b06b69eec2bba53",
        "mods": []
      },
      {
        "signature": "sha256:655b664b1a745dff6782ba5eeddaea487b6d6a9a320349a8375bf9a6755bd328",
        "mods": [
          {
            "modId": "replaymod",
            "state": "Available"
          }
        ]
      }
    ],
    "timestamp": 1622433685894,
    "location": "crash_handler",
    "exception": {
      "stack": [
        {
          "class": "net.minecraft.world.chunk.NibbleArray",
          "method": "\u003cinit\u003e",
          "file": "SourceFile",
          "line": 16
        },
        {
          "class": "net.minecraft.world.chunk.storage.AnvilChunkLoader",
          "method": "func_75823_a",
          "file": "AnvilChunkLoader.java",
          "line": 449
        },
        {
          "class": "net.minecraft.world.chunk.storage.AnvilChunkLoader",
          "method": "checkedReadChunkFromNBT__Async",
          "file": "AnvilChunkLoader.java",
          "line": 128
        },
        {
          "class": "net.minecraft.world.chunk.storage.AnvilChunkLoader",
          "method": "loadChunk__Async",
          "file": "AnvilChunkLoader.java",
          "line": 92
        },
        {
          "class": "net.minecraftforge.common.chunkio.ChunkIOProvider",
          "method": "run",
          "file": "ChunkIOProvider.java",
          "line": 70
        },
        {
          "class": "net.minecraftforge.common.chunkio.ChunkIOExecutor",
          "method": "syncChunkLoad",
          "file": "ChunkIOExecutor.java",
          "line": 86
        },
        {
          "class": "net.minecraft.world.gen.ChunkProviderServer",
          "method": "loadChunk",
          "file": "ChunkProviderServer.java",
          "line": 118
        },
        {
          "class": "net.minecraft.world.gen.ChunkProviderServer",
          "method": "func_186028_c",
          "file": "ChunkProviderServer.java",
          "line": 89
        },
        {
          "class": "net.minecraft.world.gen.ChunkProviderServer",
          "method": "func_186025_d",
          "file": "ChunkProviderServer.java",
          "line": 135
        },
        {
          "class": "net.minecraft.server.management.PlayerList",
          "method": "func_72375_a",
          "file": "PlayerList.java",
          "line": 291
        },
        {
          "class": "net.minecraft.server.management.PlayerList",
          "method": "func_72377_c",
          "file": "PlayerList.java",
          "line": 378
        },
        {
          "class": "net.minecraft.server.management.PlayerList",
          "method": "initializeConnectionToPlayer",
          "file": "PlayerList.java",
          "line": 166
        },
        {
          "class": "net.minecraftforge.fml.common.network.handshake.NetworkDispatcher",
          "method": "completeServerSideConnection",
          "file": "NetworkDispatcher.java",
          "line": 255
        },
        {
          "class": "net.minecraftforge.fml.common.network.handshake.NetworkDispatcher",
          "method": "access$100",
          "file": "NetworkDispatcher.java",
          "line": 72
        },
        {
          "class": "net.minecraftforge.fml.common.network.handshake.NetworkDispatcher$1",
          "method": "func_73660_a",
          "file": "NetworkDispatcher.java",
          "line": 205
        },
        {
          "class": "net.minecraft.network.NetworkManager",
          "method": "func_74428_b",
          "file": "NetworkManager.java",
          "line": 285
        },
        {
          "class": "net.minecraft.network.NetworkSystem",
          "method": "func_151269_c",
          "file": "NetworkSystem.java",
          "line": 180
        },
        {
          "class": "net.minecraft.server.MinecraftServer",
          "method": "func_71190_q",
          "file": "MinecraftServer.java",
          "line": 790
        },
        {
          "class": "net.minecraft.server.MinecraftServer",
          "method": "func_71217_p",
          "file": "MinecraftServer.java",
          "line": 668
        },
        {
          "class": "net.minecraft.server.integrated.IntegratedServer",
          "method": "func_71217_p",
          "file": "IntegratedServer.java",
          "line": 185
        },
        {
          "class": "net.minecraft.server.MinecraftServer",
          "method": "run",
          "file": "MinecraftServer.java",
          "line": 526
        },
        {
          "class": "java.lang.Thread",
          "method": "run",
          "file": "Thread.java",
          "line": 745,
          "signatures": []
        }
      ],
      "exception": "java.lang.IllegalArgumentException",
      "message": "ChunkNibbleArrays should be 2048 bytes not: 0"
    },
    "random": 1706084572,
    "resolved": true,
    "branding": [
      "Minecraft 1.12.2",
      "MCP 9.42",
      "Powered by Forge 14.23.5.2779",
      "6 mods loaded, 6 mods active"
    ],
    "runtime": {
      "mcp": "MCP 9.42",
      "fml": "8.0.99.99",
      "forge": "14.23.5.2779"
    },
    "minecraft": "Minecraft 1.12.2",
    "javaVersion": "Oracle Corporation 1.8.0_101",
    "side": "client",
    "obfuscated": true,
    "type": "crashlog"
  }
]